"Date";"Close Price";"Signal"
"2015-01-01";2548.2;"Hold"
"2015-01-02";2570.85;"Hold"
"2015-01-05";2537.9;"Hold"
"2015-01-06";2446.55;"Hold"
"2015-01-07";2416.8;"Hold"
"2015-01-08";2443.85;"Hold"
"2015-01-09";2512.2;"Hold"
"2015-01-12";2512.05;"Hold"
"2015-01-13";2498.3;"Hold"
"2015-01-14";2518.15;"Hold"
"2015-01-15";2545.0;"Hold"
"2015-01-16";2531.9;"Hold"
"2015-01-19";2509.75;"Hold"
"2015-01-20";2499.55;"Hold"
"2015-01-21";2511.35;"Hold"
"2015-01-22";2512.75;"Hold"
"2015-01-23";2501.7;"Hold"
"2015-01-27";2502.8;"Hold"
"2015-01-28";2534.7;"Hold"
"2015-01-29";2541.35;"Hold"
"2015-01-30";2481.0;"Hold"
"2015-02-02";2512.8;"Hold"
"2015-02-03";2554.8;"Hold"
"2015-02-04";2514.0;"Buy"
"2015-02-05";2551.9;"Hold"
"2015-02-06";2576.0;"Hold"
"2015-02-09";2515.15;"Hold"
"2015-02-10";2442.95;"Hold"
"2015-02-11";2460.15;"Hold"
"2015-02-12";2462.8;"Hold"
"2015-02-13";2538.65;"Hold"
"2015-02-16";2585.25;"Hold"
"2015-02-18";2633.9;"Hold"
"2015-02-19";2679.7;"Hold"
"2015-02-20";2674.85;"Hold"
"2015-02-23";2695.05;"Hold"
"2015-02-24";2707.15;"Hold"
"2015-02-25";2671.3;"Hold"
"2015-02-26";2656.35;"Hold"
"2015-02-27";2663.75;"Hold"
"2015-02-28";2675.3;"Hold"
"2015-03-02";2670.15;"Hold"
"2015-03-03";2774.7;"Hold"
"2015-03-04";2743.4;"Hold"
"2015-03-05";2696.35;"Hold"
"2015-03-09";2643.15;"Hold"
"2015-03-10";2642.8;"Hold"
"2015-03-11";2609.35;"Hold"
"2015-03-12";2619.0;"Hold"
"2015-03-13";2581.05;"Hold"
"2015-03-16";2565.35;"Hold"
"2015-03-17";2580.9;"Hold"
"2015-03-18";2560.7;"Hold"
"2015-03-19";2594.4;"Hold"
"2015-03-20";2609.65;"Hold"
"2015-03-23";2610.55;"Hold"
"2015-03-24";2593.55;"Hold"
"2015-03-25";2573.1;"Hold"
"2015-03-26";2513.35;"Hold"
"2015-03-27";2516.2;"Hold"
"2015-03-30";2557.25;"Hold"
"2015-03-31";2547.05;"Hold"
"2015-04-01";2543.4;"Hold"
"2015-04-06";2546.0;"Sell"
"2015-04-07";2586.1;"Hold"
"2015-04-08";2644.35;"Hold"
"2015-04-09";2661.15;"Hold"
"2015-04-10";2651.95;"Hold"
"2015-04-13";2650.25;"Hold"
"2015-04-15";2624.7;"Hold"
"2015-04-16";2585.2;"Hold"
"2015-04-17";2476.2;"Hold"
"2015-04-20";2430.65;"Hold"
"2015-04-21";2426.85;"Hold"
"2015-04-22";2447.9;"Hold"
"2015-04-23";2456.85;"Hold"
"2015-04-24";2496.9;"Hold"
"2015-04-27";2500.3;"Hold"
"2015-04-28";2494.55;"Hold"
"2015-04-29";2485.65;"Hold"
"2015-04-30";2466.65;"Hold"
"2015-05-04";2479.1;"Hold"
"2015-05-05";2519.25;"Hold"
"2015-05-06";2462.85;"Hold"
"2015-05-07";2543.3;"Hold"
"2015-05-08";2530.7;"Hold"
"2015-05-11";2555.8;"Hold"
"2015-05-12";2521.2;"Hold"
"2015-05-13";2519.95;"Hold"
"2015-05-14";2499.95;"Hold"
"2015-05-15";2509.65;"Hold"
"2015-05-18";2519.35;"Hold"
"2015-05-19";2511.95;"Hold"
"2015-05-20";2557.55;"Hold"
"2015-05-21";2557.65;"Hold"
"2015-05-22";2619.55;"Hold"
"2015-05-25";2601.4;"Hold"
"2015-05-26";2606.35;"Hold"
"2015-05-27";2616.55;"Hold"
"2015-05-28";2609.95;"Hold"
"2015-05-29";2610.6;"Buy"
"2015-06-01";2616.4;"Hold"
"2015-06-02";2600.45;"Hold"
"2015-06-03";2610.75;"Hold"
"2015-06-04";2606.2;"Hold"
"2015-06-05";2572.35;"Hold"
"2015-06-08";2578.65;"Hold"
"2015-06-09";2558.1;"Hold"
"2015-06-10";2602.05;"Hold"
"2015-06-11";2571.0;"Hold"
"2015-06-12";2512.05;"Hold"
"2015-06-15";2511.8;"Hold"
"2015-06-16";2511.05;"Hold"
"2015-06-17";2514.95;"Hold"
"2015-06-18";2528.55;"Hold"
"2015-06-19";2551.1;"Hold"
"2015-06-22";2595.7;"Hold"
"2015-06-23";2577.7;"Hold"
"2015-06-24";2568.4;"Hold"
"2015-06-25";2551.75;"Hold"
"2015-06-26";2594.05;"Hold"
"2015-06-29";2593.55;"Hold"
"2015-06-30";2552.2;"Hold"
"2015-07-01";2591.8;"Hold"
"2015-07-02";2580.85;"Hold"
"2015-07-03";2604.8;"Hold"
"2015-07-06";2632.8;"Hold"
"2015-07-07";2619.05;"Hold"
"2015-07-08";2594.05;"Hold"
"2015-07-09";2521.4;"Hold"
"2015-07-10";2471.9;"Hold"
"2015-07-13";2508.6;"Hold"
"2015-07-14";2499.5;"Hold"
"2015-07-15";2546.25;"Hold"
"2015-07-16";2538.15;"Hold"
"2015-07-17";2559.35;"Hold"
"2015-07-20";2579.55;"Sell"
"2015-07-21";2562.85;"Hold"
"2015-07-22";2528.1;"Hold"
"2015-07-23";2487.95;"Hold"
"2015-07-24";2503.75;"Hold"
"2015-07-27";2496.9;"Hold"
"2015-07-28";2501.5;"Hold"
"2015-07-29";2508.1;"Hold"
"2015-07-30";2480.95;"Hold"
"2015-07-31";2510.0;"Hold"
"2015-08-03";2507.95;"Hold"
"2015-08-04";2509.3;"Hold"
"2015-08-05";2541.65;"Hold"
"2015-08-06";2574.3;"Hold"
"2015-08-07";2551.7;"Hold"
"2015-08-10";2570.8;"Hold"
"2015-08-11";2603.05;"Hold"
"2015-08-12";2671.4;"Hold"
"2015-08-13";2637.4;"Hold"
"2015-08-14";2693.65;"Hold"
"2015-08-17";2684.75;"Buy"
"2015-08-18";2734.6;"Hold"
"2015-08-19";2731.4;"Hold"
"2015-08-20";2691.2;"Hold"
"2015-08-21";2675.1;"Hold"
"2015-08-24";2579.2;"Hold"
"2015-08-25";2567.35;"Hold"
"2015-08-26";2576.75;"Hold"
"2015-08-27";2577.6;"Hold"
"2015-08-28";2570.65;"Hold"
"2015-08-31";2565.25;"Hold"
"2015-09-01";2538.8;"Hold"
"2015-09-02";2593.2;"Hold"
"2015-09-03";2605.25;"Hold"
"2015-09-04";2549.45;"Hold"
"2015-09-07";2539.5;"Hold"
"2015-09-08";2542.1;"Hold"
"2015-09-09";2550.65;"Hold"
"2015-09-10";2542.35;"Hold"
"2015-09-11";2545.5;"Hold"
"2015-09-14";2550.75;"Hold"
"2015-09-15";2543.15;"Hold"
"2015-09-16";2551.15;"Sell"
"2015-09-18";2554.15;"Hold"
"2015-09-21";2550.7;"Hold"
"2015-09-22";2526.35;"Hold"
"2015-09-23";2534.05;"Hold"
"2015-09-24";2575.6;"Hold"
"2015-09-28";2590.35;"Hold"
"2015-09-29";2590.2;"Hold"
"2015-09-30";2587.7;"Hold"
"2015-10-01";2639.7;"Hold"
"2015-10-05";2713.45;"Hold"
"2015-10-06";2695.7;"Hold"
"2015-10-07";2655.1;"Hold"
"2015-10-08";2634.75;"Hold"
"2015-10-09";2629.85;"Hold"
"2015-10-12";2592.4;"Buy"
"2015-10-13";2597.4;"Sell"
"2015-10-14";2483.4;"Hold"
"2015-10-15";2468.65;"Hold"
"2015-10-16";2475.95;"Hold"
"2015-10-19";2486.85;"Hold"
"2015-10-20";2526.7;"Hold"
"2015-10-21";2525.5;"Hold"
"2015-10-23";2536.2;"Hold"
"2015-10-26";2535.2;"Hold"
"2015-10-27";2529.8;"Hold"
"2015-10-28";2524.65;"Hold"
"2015-10-29";2496.15;"Hold"
"2015-10-30";2497.3;"Hold"
"2015-11-02";2511.2;"Hold"
"2015-11-03";2542.6;"Hold"
"2015-11-04";2529.45;"Hold"
"2015-11-05";2490.75;"Hold"
"2015-11-06";2505.75;"Hold"
"2015-11-09";2475.05;"Hold"
"2015-11-10";2461.7;"Hold"
"2015-11-11";2470.55;"Hold"
"2015-11-13";2397.3;"Hold"
"2015-11-16";2374.9;"Hold"
"2015-11-17";2390.5;"Hold"
"2015-11-18";2351.9;"Hold"
"2015-11-19";2363.2;"Hold"
"2015-11-20";2395.55;"Hold"
"2015-11-23";2391.7;"Hold"
"2015-11-24";2370.1;"Hold"
"2015-11-26";2345.15;"Hold"
"2015-11-27";2352.65;"Hold"
"2015-11-30";2365.25;"Hold"
"2015-12-01";2362.15;"Hold"
"2015-12-02";2365.25;"Hold"
"2015-12-03";2350.85;"Hold"
"2015-12-04";2330.15;"Hold"
"2015-12-07";2324.1;"Hold"
"2015-12-08";2329.5;"Hold"
"2015-12-10";2380.75;"Hold"
"2015-12-11";2387.25;"Hold"
"2015-12-14";2377.45;"Hold"
"2015-12-15";2375.2;"Hold"
"2015-12-16";2407.1;"Hold"
"2015-12-17";2440.35;"Hold"
"2015-12-18";2416.45;"Hold"
"2015-12-21";2440.95;"Hold"
"2015-12-22";2405.95;"Hold"
"2015-12-23";2420.4;"Hold"
"2015-12-24";2433.35;"Hold"
"2015-12-28";2458.5;"Hold"
"2015-12-29";2451.95;"Hold"
"2015-12-30";2418.4;"Hold"
"2015-12-31";2439.2;"Hold"
"2016-01-01";2416.25;"Hold"
"2016-01-04";2375.5;"Hold"
"2016-01-05";2350.35;"Hold"
"2016-01-06";2381.2;"Hold"
"2016-01-07";2370.05;"Hold"
"2016-01-08";2397.25;"Hold"
"2016-01-11";2363.0;"Hold"
"2016-01-12";2324.05;"Hold"
"2016-01-13";2280.3;"Hold"
"2016-01-14";2278.95;"Hold"
"2016-01-15";2263.5;"Hold"
"2016-01-18";2282.45;"Hold"
"2016-01-19";2279.0;"Hold"
"2016-01-20";2277.6;"Hold"
"2016-01-21";2261.2;"Hold"
"2016-01-22";2295.25;"Hold"
"2016-01-25";2305.95;"Hold"
"2016-01-27";2319.6;"Hold"
"2016-01-28";2330.9;"Hold"
"2016-01-29";2391.2;"Hold"
"2016-02-01";2402.2;"Hold"
"2016-02-02";2401.5;"Hold"
"2016-02-03";2417.05;"Hold"
"2016-02-04";2417.45;"Hold"
"2016-02-05";2425.85;"Hold"
"2016-02-08";2368.5;"Hold"
"2016-02-09";2281.45;"Hold"
"2016-02-10";2270.05;"Hold"
"2016-02-11";2196.05;"Hold"
"2016-02-12";2226.5;"Hold"
"2016-02-15";2269.55;"Hold"
"2016-02-16";2267.75;"Hold"
"2016-02-17";2278.0;"Hold"
"2016-02-18";2315.3;"Hold"
"2016-02-19";2320.2;"Hold"
"2016-02-22";2314.2;"Hold"
"2016-02-23";2265.1;"Hold"
"2016-02-24";2218.65;"Hold"
"2016-02-25";2212.25;"Hold"
"2016-02-26";2214.7;"Hold"
"2016-02-29";2181.9;"Hold"
"2016-03-01";2275.0;"Hold"
"2016-03-02";2319.55;"Hold"
"2016-03-03";2377.3;"Hold"
"2016-03-04";2359.05;"Hold"
"2016-03-08";2354.4;"Hold"
"2016-03-09";2356.2;"Hold"
"2016-03-10";2348.0;"Hold"
"2016-03-11";2366.0;"Hold"
"2016-03-14";2352.0;"Hold"
"2016-03-15";2329.65;"Hold"
"2016-03-16";2327.35;"Hold"
"2016-03-17";2351.75;"Hold"
"2016-03-18";2427.25;"Buy"
"2016-03-21";2443.65;"Hold"
"2016-03-22";2474.05;"Hold"
"2016-03-23";2474.7;"Hold"
"2016-03-28";2473.55;"Hold"
"2016-03-29";2467.85;"Hold"
"2016-03-30";2488.35;"Hold"
"2016-03-31";2516.05;"Hold"
"2016-04-01";2455.4;"Hold"
"2016-04-04";2470.7;"Hold"
"2016-04-05";2462.65;"Hold"
"2016-04-06";2478.9;"Hold"
"2016-04-07";2470.95;"Hold"
"2016-04-08";2428.7;"Hold"
"2016-04-11";2506.65;"Hold"
"2016-04-12";2512.5;"Hold"
"2016-04-13";2523.15;"Hold"
"2016-04-18";2522.4;"Hold"
"2016-04-20";2451.9;"Hold"
"2016-04-21";2423.2;"Hold"
"2016-04-22";2417.2;"Hold"
"2016-04-25";2448.3;"Hold"
"2016-04-26";2488.0;"Hold"
"2016-04-27";2505.55;"Hold"
"2016-04-28";2526.95;"Hold"
"2016-04-29";2530.05;"Hold"
"2016-05-02";2525.15;"Hold"
"2016-05-03";2480.25;"Hold"
"2016-05-04";2478.25;"Hold"
"2016-05-05";2474.0;"Hold"
"2016-05-06";2472.15;"Hold"
"2016-05-09";2515.35;"Hold"
"2016-05-10";2523.6;"Hold"
"2016-05-11";2517.75;"Hold"
"2016-05-12";2567.05;"Hold"
"2016-05-13";2523.4;"Hold"
"2016-05-16";2553.8;"Hold"
"2016-05-17";2570.2;"Hold"
"2016-05-18";2550.45;"Hold"
"2016-05-19";2555.55;"Hold"
"2016-05-20";2532.05;"Hold"
"2016-05-23";2491.7;"Hold"
"2016-05-24";2467.5;"Hold"
"2016-05-25";2526.7;"Hold"
"2016-05-26";2552.8;"Hold"
"2016-05-27";2572.05;"Hold"
"2016-05-30";2635.35;"Hold"
"2016-05-31";2575.1;"Hold"
"2016-06-01";2631.85;"Hold"
"2016-06-02";2646.9;"Hold"
"2016-06-03";2630.85;"Hold"
"2016-06-06";2611.35;"Hold"
"2016-06-07";2631.45;"Hold"
"2016-06-08";2611.1;"Hold"
"2016-06-09";2577.5;"Hold"
"2016-06-10";2560.95;"Hold"
"2016-06-13";2551.95;"Hold"
"2016-06-14";2534.7;"Hold"
"2016-06-15";2555.7;"Hold"
"2016-06-16";2557.1;"Hold"
"2016-06-17";2603.5;"Hold"
"2016-06-20";2655.7;"Hold"
"2016-06-21";2647.3;"Hold"
"2016-06-22";2665.5;"Hold"
"2016-06-23";2644.3;"Hold"
"2016-06-24";2570.7;"Hold"
"2016-06-27";2495.35;"Hold"
"2016-06-28";2461.8;"Hold"
"2016-06-29";2499.6;"Hold"
"2016-06-30";2550.8;"Hold"
"2016-07-01";2501.8;"Hold"
"2016-07-04";2494.8;"Hold"
"2016-07-05";2482.7;"Hold"
"2016-07-07";2429.05;"Sell"
"2016-07-08";2425.5;"Hold"
"2016-07-11";2463.65;"Hold"
"2016-07-12";2461.5;"Hold"
"2016-07-13";2491.4;"Hold"
"2016-07-14";2520.3;"Hold"
"2016-07-15";2441.9;"Hold"
"2016-07-18";2433.5;"Hold"
"2016-07-19";2461.55;"Hold"
"2016-07-20";2493.25;"Hold"
"2016-07-21";2501.25;"Hold"
"2016-07-22";2509.15;"Hold"
"2016-07-25";2551.55;"Hold"
"2016-07-26";2548.3;"Hold"
"2016-07-27";2576.1;"Hold"
"2016-07-28";2615.55;"Hold"
"2016-07-29";2618.55;"Hold"
"2016-08-01";2698.0;"Hold"
"2016-08-02";2692.1;"Hold"
"2016-08-03";2656.25;"Hold"
"2016-08-04";2652.65;"Hold"
"2016-08-05";2648.9;"Hold"
"2016-08-08";2651.9;"Buy"
"2016-08-09";2650.55;"Hold"
"2016-08-10";2673.9;"Hold"
"2016-08-11";2704.3;"Hold"
"2016-08-12";2732.35;"Hold"
"2016-08-16";2691.45;"Hold"
"2016-08-17";2623.9;"Hold"
"2016-08-18";2636.7;"Hold"
"2016-08-19";2603.95;"Hold"
"2016-08-22";2551.45;"Hold"
"2016-08-23";2603.2;"Hold"
"2016-08-24";2571.9;"Hold"
"2016-08-25";2550.1;"Hold"
"2016-08-26";2529.15;"Hold"
"2016-08-29";2501.6;"Hold"
"2016-08-30";2548.7;"Hold"
"2016-08-31";2512.55;"Hold"
"2016-09-01";2507.6;"Hold"
"2016-09-02";2513.5;"Hold"
"2016-09-06";2484.05;"Hold"
"2016-09-07";2447.0;"Hold"
"2016-09-08";2321.15;"Hold"
"2016-09-09";2352.5;"Sell"
"2016-09-12";2359.1;"Hold"
"2016-09-14";2328.55;"Hold"
"2016-09-15";2328.05;"Hold"
"2016-09-16";2361.15;"Hold"
"2016-09-19";2407.35;"Hold"
"2016-09-20";2411.1;"Hold"
"2016-09-21";2413.5;"Hold"
"2016-09-22";2377.65;"Hold"
"2016-09-23";2397.3;"Hold"
"2016-09-26";2400.85;"Hold"
"2016-09-27";2430.7;"Hold"
"2016-09-28";2423.45;"Hold"
"2016-09-29";2434.6;"Hold"
"2016-09-30";2427.2;"Hold"
"2016-10-03";2411.8;"Hold"
"2016-10-04";2401.1;"Hold"
"2016-10-05";2382.55;"Hold"
"2016-10-06";2384.25;"Hold"
"2016-10-07";2368.25;"Hold"
"2016-10-10";2380.1;"Hold"
"2016-10-13";2328.5;"Hold"
"2016-10-14";2365.9;"Hold"
"2016-10-17";2362.9;"Hold"
"2016-10-18";2398.3;"Hold"
"2016-10-19";2394.2;"Hold"
"2016-10-20";2399.85;"Hold"
"2016-10-21";2428.7;"Hold"
"2016-10-24";2427.85;"Hold"
"2016-10-25";2398.65;"Hold"
"2016-10-26";2396.95;"Hold"
"2016-10-27";2413.25;"Hold"
"2016-10-28";2399.25;"Hold"
"2016-10-30";2394.6;"Hold"
"2016-11-01";2347.7;"Hold"
"2016-11-02";2304.45;"Hold"
"2016-11-03";2319.95;"Hold"
"2016-11-04";2330.1;"Hold"
"2016-11-07";2279.35;"Hold"
"2016-11-08";2283.7;"Hold"
"2016-11-09";2171.05;"Hold"
"2016-11-10";2158.05;"Hold"
"2016-11-11";2105.05;"Hold"
"2016-11-15";2122.1;"Hold"
"2016-11-16";2190.25;"Hold"
"2016-11-17";2142.15;"Hold"
"2016-11-18";2123.15;"Hold"
"2016-11-21";2132.55;"Hold"
"2016-11-22";2134.3;"Hold"
"2016-11-23";2156.7;"Hold"
"2016-11-24";2186.5;"Hold"
"2016-11-25";2300.85;"Hold"
"2016-11-28";2277.3;"Hold"
"2016-11-29";2258.4;"Hold"
"2016-11-30";2276.75;"Hold"
"2016-12-01";2266.45;"Hold"
"2016-12-02";2223.9;"Hold"
"2016-12-05";2186.45;"Hold"
"2016-12-06";2190.45;"Hold"
"2016-12-07";2158.2;"Hold"
"2016-12-08";2196.9;"Hold"
"2016-12-09";2193.45;"Hold"
"2016-12-12";2206.25;"Hold"
"2016-12-13";2200.85;"Hold"
"2016-12-14";2207.9;"Hold"
"2016-12-15";2259.5;"Hold"
"2016-12-16";2281.75;"Hold"
"2016-12-19";2287.5;"Hold"
"2016-12-20";2337.75;"Hold"
"2016-12-21";2312.75;"Hold"
"2016-12-22";2309.85;"Hold"
"2016-12-23";2290.2;"Hold"
"2016-12-26";2292.1;"Hold"
"2016-12-27";2321.85;"Hold"
"2016-12-28";2315.8;"Hold"
"2016-12-29";2350.75;"Hold"
"2016-12-30";2361.95;"Buy"
"2017-01-02";2359.05;"Hold"
"2017-01-03";2368.5;"Hold"
"2017-01-04";2378.55;"Hold"
"2017-01-05";2334.55;"Hold"
"2017-01-06";2283.6;"Hold"
"2017-01-09";2303.75;"Hold"
"2017-01-10";2315.45;"Hold"
"2017-01-11";2323.05;"Hold"
"2017-01-12";2343.3;"Hold"
"2017-01-13";2252.0;"Hold"
"2017-01-16";2258.55;"Hold"
"2017-01-17";2277.65;"Hold"
"2017-01-18";2295.0;"Hold"
"2017-01-19";2290.3;"Hold"
"2017-01-20";2287.45;"Hold"
"2017-01-23";2305.7;"Hold"
"2017-01-24";2318.0;"Hold"
"2017-01-25";2352.7;"Hold"
"2017-01-27";2358.05;"Hold"
"2017-01-30";2334.2;"Hold"
"2017-01-31";2229.9;"Hold"
"2017-02-01";2169.45;"Hold"
"2017-02-02";2205.8;"Hold"
"2017-02-03";2233.75;"Hold"
"2017-02-06";2240.55;"Hold"
"2017-02-07";2244.8;"Hold"
"2017-02-08";2262.65;"Sell"
"2017-02-09";2324.25;"Hold"
"2017-02-10";2396.7;"Buy"
"2017-02-13";2410.3;"Hold"
"2017-02-14";2402.95;"Hold"
"2017-02-15";2415.7;"Hold"
"2017-02-16";2446.9;"Hold"
"2017-02-17";2408.15;"Hold"
"2017-02-20";2506.5;"Hold"
"2017-02-21";2464.3;"Hold"
"2017-02-22";2409.55;"Hold"
"2017-02-23";2481.65;"Hold"
"2017-02-27";2488.9;"Hold"
"2017-02-28";2466.5;"Hold"
"2017-03-01";2480.05;"Hold"
"2017-03-02";2501.15;"Hold"
"2017-03-03";2492.35;"Hold"
"2017-03-06";2470.65;"Hold"
"2017-03-07";2500.7;"Hold"
"2017-03-08";2513.9;"Hold"
"2017-03-09";2519.55;"Hold"
"2017-03-10";2541.8;"Hold"
"2017-03-14";2562.35;"Hold"
"2017-03-15";2500.3;"Hold"
"2017-03-16";2518.95;"Hold"
"2017-03-17";2526.85;"Hold"
"2017-03-20";2480.8;"Hold"
"2017-03-21";2486.15;"Hold"
"2017-03-22";2479.1;"Hold"
"2017-03-23";2458.9;"Hold"
"2017-03-24";2426.75;"Hold"
"2017-03-27";2412.1;"Hold"
"2017-03-28";2429.85;"Hold"
"2017-03-29";2443.75;"Hold"
"2017-03-30";2443.75;"Hold"
"2017-03-31";2431.1;"Hold"
"2017-04-03";2413.3;"Hold"
"2017-04-05";2402.85;"Hold"
"2017-04-06";2399.75;"Hold"
"2017-04-07";2427.1;"Hold"
"2017-04-10";2421.15;"Hold"
"2017-04-11";2420.8;"Hold"
"2017-04-12";2394.2;"Hold"
"2017-04-13";2327.85;"Hold"
"2017-04-17";2320.85;"Sell"
"2017-04-18";2308.65;"Hold"
"2017-04-19";2301.75;"Hold"
"2017-04-20";2328.35;"Hold"
"2017-04-21";2311.2;"Hold"
"2017-04-24";2329.1;"Hold"
"2017-04-25";2311.3;"Hold"
"2017-04-26";2310.45;"Hold"
"2017-04-27";2301.4;"Hold"
"2017-04-28";2272.1;"Hold"
"2017-05-02";2291.95;"Hold"
"2017-05-03";2337.4;"Hold"
"2017-05-04";2327.1;"Hold"
"2017-05-05";2319.95;"Hold"
"2017-05-08";2341.9;"Hold"
"2017-05-09";2352.75;"Hold"
"2017-05-10";2332.5;"Hold"
"2017-05-11";2351.25;"Hold"
"2017-05-12";2359.5;"Hold"
"2017-05-15";2364.4;"Hold"
"2017-05-16";2427.25;"Hold"
"2017-05-17";2451.35;"Hold"
"2017-05-18";2534.1;"Hold"
"2017-05-19";2506.8;"Hold"
"2017-05-22";2529.3;"Hold"
"2017-05-23";2520.45;"Hold"
"2017-05-24";2557.8;"Hold"
"2017-05-25";2619.95;"Buy"
"2017-05-26";2579.3;"Hold"
"2017-05-29";2571.5;"Hold"
"2017-05-30";2551.7;"Hold"
"2017-05-31";2544.35;"Hold"
"2017-06-01";2550.85;"Hold"
"2017-06-02";2561.85;"Hold"
"2017-06-05";2601.05;"Hold"
"2017-06-06";2695.4;"Hold"
"2017-06-07";2615.35;"Hold"
"2017-06-08";2521.5;"Hold"
"2017-06-09";2510.25;"Hold"
"2017-06-12";2489.9;"Hold"
"2017-06-13";2453.4;"Hold"
"2017-06-14";2470.8;"Hold"
"2017-06-15";2411.1;"Hold"
"2017-06-16";2397.45;"Hold"
"2017-06-19";2431.9;"Hold"
"2017-06-20";2441.5;"Hold"
"2017-06-21";2406.05;"Hold"
"2017-06-22";2395.75;"Hold"
"2017-06-23";2360.65;"Hold"
"2017-06-27";2345.9;"Hold"
"2017-06-28";2351.2;"Hold"
"2017-06-29";2334.65;"Hold"
"2017-06-30";2364.35;"Hold"
"2017-07-03";2373.4;"Hold"
"2017-07-04";2364.0;"Sell"
"2017-07-05";2357.75;"Hold"
"2017-07-06";2344.8;"Hold"
"2017-07-07";2332.2;"Hold"
"2017-07-10";2440.85;"Hold"
"2017-07-11";2471.9;"Hold"
"2017-07-12";2439.1;"Hold"
"2017-07-13";2444.05;"Hold"
"2017-07-14";2398.8;"Hold"
"2017-07-17";2395.7;"Hold"
"2017-07-18";2405.25;"Hold"
"2017-07-19";2450.45;"Hold"
"2017-07-20";2445.2;"Hold"
"2017-07-21";2490.9;"Hold"
"2017-07-24";2532.65;"Hold"
"2017-07-25";2570.65;"Hold"
"2017-07-26";2554.8;"Hold"
"2017-07-27";2484.35;"Hold"
"2017-07-28";2482.75;"Hold"
"2017-07-31";2494.05;"Hold"
"2017-08-01";2499.95;"Hold"
"2017-08-02";2467.35;"Hold"
"2017-08-03";2489.55;"Buy"
"2017-08-04";2522.75;"Hold"
"2017-08-07";2504.6;"Hold"
"2017-08-08";2497.8;"Hold"
"2017-08-09";2501.95;"Hold"
"2017-08-10";2511.25;"Hold"
"2017-08-11";2494.0;"Hold"
"2017-08-14";2469.15;"Hold"
"2017-08-16";2491.05;"Hold"
"2017-08-17";2480.15;"Hold"
"2017-08-18";2512.85;"Hold"
"2017-08-21";2521.4;"Hold"
"2017-08-22";2496.05;"Hold"
"2017-08-23";2493.0;"Hold"
"2017-08-24";2495.3;"Hold"
"2017-08-28";2485.85;"Hold"
"2017-08-29";2474.95;"Hold"
"2017-08-30";2486.75;"Hold"
"2017-08-31";2496.75;"Hold"
"2017-09-01";2463.2;"Hold"
"2017-09-04";2457.8;"Hold"
"2017-09-05";2477.65;"Hold"
"2017-09-06";2456.45;"Hold"
"2017-09-07";2458.95;"Hold"
"2017-09-08";2470.15;"Hold"
"2017-09-11";2463.55;"Hold"
"2017-09-12";2486.8;"Hold"
"2017-09-13";2488.1;"Hold"
"2017-09-14";2485.05;"Hold"
"2017-09-15";2498.55;"Hold"
"2017-09-18";2499.05;"Sell"
"2017-09-19";2498.3;"Hold"
"2017-09-20";2492.4;"Hold"
"2017-09-21";2525.85;"Hold"
"2017-09-22";2502.35;"Hold"
"2017-09-25";2508.2;"Hold"
"2017-09-26";2474.9;"Hold"
"2017-09-27";2490.15;"Hold"
"2017-09-28";2478.45;"Hold"
"2017-09-29";2437.0;"Hold"
"2017-10-03";2447.05;"Hold"
"2017-10-04";2442.55;"Hold"
"2017-10-05";2430.15;"Hold"
"2017-10-06";2445.15;"Hold"
"2017-10-09";2452.55;"Hold"
"2017-10-10";2459.55;"Hold"
"2017-10-11";2500.5;"Hold"
"2017-10-12";2548.55;"Hold"
"2017-10-13";2556.75;"Buy"
"2017-10-16";2585.1;"Hold"
"2017-10-17";2594.85;"Hold"
"2017-10-18";2589.05;"Hold"
"2017-10-19";2580.95;"Hold"
"2017-10-23";2585.95;"Hold"
"2017-10-24";2580.6;"Hold"
"2017-10-25";2561.75;"Hold"
"2017-10-26";2543.0;"Hold"
"2017-10-27";2579.2;"Hold"
"2017-10-30";2613.0;"Hold"
"2017-10-31";2616.3;"Hold"
"2017-11-01";2602.5;"Hold"
"2017-11-02";2625.8;"Hold"
"2017-11-03";2612.7;"Hold"
"2017-11-06";2667.0;"Hold"
"2017-11-07";2708.35;"Hold"
"2017-11-08";2730.45;"Hold"
"2017-11-09";2733.85;"Hold"
"2017-11-10";2703.3;"Hold"
"2017-11-13";2758.9;"Hold"
"2017-11-14";2716.75;"Hold"
"2017-11-15";2706.15;"Hold"
"2017-11-16";2746.6;"Hold"
"2017-11-17";2710.1;"Hold"
"2017-11-20";2704.65;"Hold"
"2017-11-21";2676.65;"Hold"
"2017-11-22";2683.2;"Hold"
"2017-11-23";2682.75;"Hold"
"2017-11-24";2688.75;"Hold"
"2017-11-27";2687.05;"Hold"
"2017-11-28";2684.9;"Hold"
"2017-11-29";2658.55;"Hold"
"2017-11-30";2634.25;"Hold"
"2017-12-01";2630.55;"Hold"
"2017-12-04";2633.35;"Hold"
"2017-12-05";2633.8;"Hold"
"2017-12-06";2631.45;"Hold"
"2017-12-07";2617.65;"Hold"
"2017-12-08";2601.0;"Hold"
"2017-12-11";2656.0;"Hold"
"2017-12-12";2614.15;"Hold"
"2017-12-13";2627.3;"Hold"
"2017-12-14";2558.55;"Hold"
"2017-12-15";2547.85;"Hold"
"2017-12-18";2577.0;"Hold"
"2017-12-19";2575.05;"Sell"
"2017-12-20";2588.0;"Hold"
"2017-12-21";2594.1;"Hold"
"2017-12-22";2639.8;"Hold"
"2017-12-26";2642.8;"Hold"
"2017-12-27";2621.05;"Hold"
"2017-12-28";2628.85;"Hold"
"2017-12-29";2700.4;"Hold"
"2018-01-01";2654.65;"Hold"
"2018-01-02";2633.75;"Hold"
"2018-01-03";2635.2;"Hold"
"2018-01-04";2649.8;"Hold"
"2018-01-05";2684.45;"Hold"
"2018-01-08";2707.75;"Hold"
"2018-01-09";2708.45;"Hold"
"2018-01-10";2807.1;"Hold"
"2018-01-11";2788.4;"Hold"
"2018-01-12";2772.9;"Buy"
"2018-01-15";2747.2;"Hold"
"2018-01-16";2850.85;"Hold"
"2018-01-17";2889.45;"Hold"
"2018-01-18";2910.1;"Hold"
"2018-01-19";2954.75;"Hold"
"2018-01-22";3113.15;"Hold"
"2018-01-23";3103.1;"Hold"
"2018-01-24";3174.6;"Hold"
"2018-01-25";3117.85;"Hold"
"2018-01-29";3195.1;"Hold"
"2018-01-30";3153.7;"Hold"
"2018-01-31";3111.75;"Hold"
"2018-02-01";3138.9;"Hold"
"2018-02-02";3149.15;"Hold"
"2018-02-05";3106.5;"Hold"
"2018-02-06";2995.35;"Hold"
"2018-02-07";2955.35;"Hold"
"2018-02-08";2966.25;"Hold"
"2018-02-09";2972.3;"Hold"
"2018-02-12";2967.9;"Hold"
"2018-02-14";2910.45;"Hold"
"2018-02-15";2925.75;"Hold"
"2018-02-16";2937.2;"Hold"
"2018-02-19";2924.55;"Hold"
"2018-02-20";2945.05;"Hold"
"2018-02-21";3043.05;"Hold"
"2018-02-22";3040.4;"Hold"
"2018-02-23";3076.9;"Hold"
"2018-02-26";3035.25;"Hold"
"2018-02-27";3043.25;"Hold"
"2018-02-28";3038.25;"Hold"
"2018-03-01";3037.1;"Hold"
"2018-03-05";3104.3;"Hold"
"2018-03-06";3049.8;"Hold"
"2018-03-07";3029.25;"Hold"
"2018-03-08";3001.5;"Hold"
"2018-03-09";3034.5;"Hold"
"2018-03-12";3051.85;"Hold"
"2018-03-13";2892.45;"Hold"
"2018-03-14";2886.1;"Hold"
"2018-03-15";2869.15;"Hold"
"2018-03-16";2825.5;"Hold"
"2018-03-19";2828.85;"Hold"
"2018-03-20";2859.15;"Hold"
"2018-03-21";2854.6;"Sell"
"2018-03-22";2829.95;"Hold"
"2018-03-23";2816.45;"Hold"
"2018-03-26";2813.05;"Hold"
"2018-03-27";2841.85;"Hold"
"2018-03-28";2849.3;"Hold"
"2018-04-02";2902.9;"Hold"
"2018-04-03";2908.1;"Hold"
"2018-04-04";2907.05;"Hold"
"2018-04-05";2957.15;"Hold"
"2018-04-06";2949.7;"Hold"
"2018-04-09";2921.15;"Hold"
"2018-04-10";2931.85;"Hold"
"2018-04-11";3015.5;"Hold"
"2018-04-12";3137.3;"Hold"
"2018-04-13";3151.0;"Hold"
"2018-04-16";3184.8;"Hold"
"2018-04-17";3165.9;"Hold"
"2018-04-18";3159.5;"Hold"
"2018-04-19";3190.65;"Buy"
"2018-04-20";3406.4;"Hold"
"2018-04-23";3415.2;"Hold"
"2018-04-24";3385.65;"Hold"
"2018-04-25";3467.9;"Hold"
"2018-04-26";3540.35;"Hold"
"2018-04-27";3454.8;"Hold"
"2018-04-30";3531.4;"Hold"
"2018-05-02";3497.8;"Hold"
"2018-05-03";3482.65;"Hold"
"2018-05-04";3480.85;"Hold"
"2018-05-07";3427.7;"Hold"
"2018-05-08";3441.05;"Hold"
"2018-05-09";3489.05;"Hold"
"2018-05-10";3452.75;"Hold"
"2018-05-11";3460.6;"Hold"
"2018-05-14";3436.75;"Hold"
"2018-05-15";3482.45;"Hold"
"2018-05-16";3495.55;"Hold"
"2018-05-17";3492.7;"Hold"
"2018-05-18";3502.35;"Hold"
"2018-05-21";3557.95;"Hold"
"2018-05-22";3508.05;"Hold"
"2018-05-23";3497.05;"Hold"
"2018-05-24";3604.8;"Hold"
"2018-05-25";3589.45;"Hold"
"2018-05-28";3503.8;"Hold"
"2018-05-29";3522.7;"Hold"
"2018-05-30";3517.75;"Hold"
"2018-05-31";1744.8;"Hold"
"2018-06-01";1732.25;"Hold"
"2018-06-04";1744.55;"Sell"
"2018-06-05";1721.2;"Hold"
"2018-06-06";1727.25;"Hold"
"2018-06-07";1734.6;"Hold"
"2018-06-08";1748.2;"Hold"
"2018-06-11";1750.6;"Hold"
"2018-06-12";1781.0;"Hold"
"2018-06-13";1824.2;"Hold"
"2018-06-14";1792.25;"Hold"
"2018-06-15";1841.45;"Hold"
"2018-06-18";1830.7;"Hold"
"2018-06-19";1825.85;"Hold"
"2018-06-20";1826.3;"Hold"
"2018-06-21";1819.85;"Hold"
"2018-06-22";1811.8;"Hold"
"2018-06-25";1820.45;"Hold"
"2018-06-26";1852.7;"Hold"
"2018-06-27";1859.8;"Hold"
"2018-06-28";1847.3;"Hold"
"2018-06-29";1847.2;"Hold"
"2018-07-02";1855.6;"Hold"
"2018-07-03";1875.9;"Hold"
"2018-07-04";1869.65;"Hold"
"2018-07-05";1881.7;"Hold"
"2018-07-06";1913.3;"Hold"
"2018-07-09";1887.65;"Hold"
"2018-07-10";1877.0;"Hold"
"2018-07-11";1979.6;"Hold"
"2018-07-12";1971.0;"Hold"
"2018-07-13";1981.25;"Hold"
"2018-07-16";1988.8;"Hold"
"2018-07-17";1997.85;"Hold"
"2018-07-18";1997.3;"Hold"
"2018-07-19";1981.45;"Hold"
"2018-07-20";1995.95;"Hold"
"2018-07-23";2005.05;"Hold"
"2018-07-24";1996.85;"Hold"
"2018-07-25";1979.4;"Hold"
"2018-07-26";1963.3;"Hold"
"2018-07-27";1943.1;"Hold"
"2018-07-30";1944.95;"Hold"
"2018-07-31";1941.25;"Hold"
